nome,pais,evidencia_geografia,fonte_geografia,modo_geografia,promessa_roadmap_prototipo_3dias,fonte_promessa,observacao_promessa,coletado_em
Abstract Devs,Brasil,São Paulo; rodapé institucional,https://abstractdevs.com.br/br/servicos/white-label,pagina_oficial_aberta,nao_observado,https://abstractdevs.com.br/br/servicos/white-label,Não observada promessa conjunta no texto público recuperado da página auditada; não é ausência em todo o site.,2026-10-01
Bioma,Uruguai,Uruguai; página identifica estúdio uruguaio e parceria white-label para agências,https://www.biomadigital.com/partners.html,pagina_oficial_aberta,nao_observado,https://www.biomadigital.com/partners.html,Não observada promessa conjunta no texto público recuperado da página auditada; não é ausência em todo o site.,2026-10-01
Codech,Brasil,Gravataí RS Brasil; rodapé recuperado na busca pública,https://codech.com.br/parcerias/,busca_publica_pagina_oficial,nao_observado,https://codech.com.br/parcerias/,Não observada promessa conjunta no texto público recuperado da página auditada; não é ausência em todo o site. Conteúdo recuperado via busca no domínio oficial; cobertura limitada ao texto retornado.,2026-10-01
Frelo,Brasil,Baseados no Brasil; endereço institucional São Paulo,https://frelo.co/pt,pagina_oficial_aberta,nao_observado,https://frelo.co/pt,Não observada promessa conjunta no texto público recuperado da página auditada; não é ausência em todo o site.,2026-10-01
GritoWeb,Brasil,Registro empresarial brasileiro CNPJ no rodapé; presença nos EUA não altera registro observado,https://gritoweb.com.br/white-label,pagina_oficial_aberta,nao_observado,https://gritoweb.com.br/white-label,Não observada promessa conjunta no texto público recuperado da página auditada; não é ausência em todo o site.,2026-10-01
Hit Digital,Brasil,Caxias do Sul RS; rodapé,https://hitdigital.com.br/white-label/,pagina_oficial_aberta,nao_observado,https://hitdigital.com.br/white-label/,Não observada promessa conjunta no texto público recuperado da página auditada; não é ausência em todo o site.,2026-10-01
Nione,Brasil,Martech brasileira; apresentação oficial,https://www.nione.com.br/,busca_publica_pagina_oficial,nao_observado,https://www.nione.com.br/para-agencias,Não observada promessa conjunta no texto público recuperado da página auditada; não é ausência em todo o site. Conteúdo recuperado via busca no domínio oficial; cobertura limitada ao texto retornado.,2026-10-01
Otto.dev,Brasil,Sorocaba SP; página de parceria,https://letsotto.dev/parceria-agencias,pagina_oficial_aberta,nao_observado,https://letsotto.dev/parceria-agencias,Não observada promessa conjunta no texto público recuperado da página auditada; não é ausência em todo o site.,2026-10-01
Sistelia,Brasil,Rio de Janeiro RJ; endereço institucional,https://sistelia.com.br/,pagina_oficial_aberta,nao_observado,https://sistelia.com.br/,Não observada promessa conjunta no texto público recuperado da página auditada; não é ausência em todo o site.,2026-10-01
UP! Desenvolvedora de Negócios,Brasil,Volta Redonda RJ e São José dos Campos SP; Onde estamos,https://www.letsup.team/parcerias,pagina_oficial_aberta,nao_observado,https://www.letsup.team/parcerias,Não observada promessa conjunta no texto público recuperado da página auditada; não é ausência em todo o site.,2026-10-01
Velosite,Brasil,Software house brasileira; página Sobre,https://velosite.com.br/sobre/,busca_publica_pagina_oficial,nao_observado,https://velosite.com.br/parcerias/,Não observada promessa conjunta no texto público recuperado da página auditada; não é ausência em todo o site.,2026-10-01
Web4Business,nao_informado,"Não localizada declaração inequívoca de país/sede no material auditado; idioma, domínio, moeda e país atendido não usados como prova.",https://www.web4business.com.br/servicos-para-agencias/,pagina_oficial_aberta,nao_observado,https://www.web4business.com.br/servicos-para-agencias/,Não observada promessa conjunta no texto público recuperado da página auditada; não é ausência em todo o site.,2026-10-01
Aihoo!,Brasil,Plataforma brasileira de GEO; rodapé,https://aihoo.app/white-label,pagina_oficial_aberta,nao_observado,https://aihoo.app/white-label,Não observada promessa conjunta no texto público recuperado da página auditada; não é ausência em todo o site.,2026-10-01
AutoAgencia,nao_informado,"Não localizada declaração inequívoca de país/sede no material auditado; idioma, domínio, moeda e país atendido não usados como prova.",https://autoagencia.io/parceiros,pagina_oficial_aberta,nao_observado,https://autoagencia.io/parceiros,Não observada promessa conjunta no texto público recuperado da página auditada; não é ausência em todo o site.,2026-10-01
Chatbotfy,Brasil,São Paulo SP; endereço e registro empresarial,https://chatbotify.com.br/para-agencias,pagina_oficial_aberta,nao_observado,https://chatbotify.com.br/para-agencias,Não observada promessa conjunta no texto público recuperado da página auditada; não é ausência em todo o site.,2026-10-01
Cubo Suite,Brasil,São Paulo Brasil; rodapé recuperado na busca pública,https://www.cubosuite.com.br/para/agencias-de-marketing,busca_publica_pagina_oficial,nao_observado,https://www.cubosuite.com.br/para/agencias-de-marketing,Não observada promessa conjunta no texto público recuperado da página auditada; não é ausência em todo o site. Conteúdo recuperado via busca no domínio oficial; cobertura limitada ao texto retornado.,2026-10-01
Datalitics,nao_informado,"Não localizada declaração inequívoca de país/sede no material auditado; idioma, domínio, moeda e país atendido não usados como prova.",https://datalitics.com.br/white-label,pagina_oficial_aberta,nao_observado,https://datalitics.com.br/white-label,Não observada promessa conjunta no texto público recuperado da página auditada; não é ausência em todo o site.,2026-10-01
DreamDesk,Brasil,Franca SP; sede declarada nos termos,https://dreamdesk.app/use-terms,busca_publica_pagina_oficial,nao_observado,https://dreamdesk.app/para-agencias,Não observada promessa conjunta no texto público recuperado da página auditada; não é ausência em todo o site.,2026-10-01
iGeriu,Brasil,Contagem MG; endereço institucional,https://www.igeriu.com.br/whitelabel-para-agencias,pagina_oficial_aberta,nao_observado,https://www.igeriu.com.br/whitelabel-para-agencias,Não observada promessa conjunta no texto público recuperado da página auditada; não é ausência em todo o site.,2026-10-01
Japa Gestão,Brasil,João Pessoa Paraíba; seção Onde estamos,https://japagestao.com.br/sobre/,pagina_oficial_aberta,nao_observado,https://japagestao.com.br/white-label/,"Não observada promessa conjunta no texto público recuperado da página auditada; não é ausência em todo o site. Prazo de 3 dias refere-se ao onboarding, separado da configuração de marca; não a roadmap e protótipo.",2026-10-01
Nexio System,nao_informado,"Não localizada declaração inequívoca de país/sede no material auditado; idioma, domínio, moeda e país atendido não usados como prova.",https://www.nexiosystem.com/,pagina_oficial_aberta,nao_observado,https://www.nexiosystem.com/,Não observada promessa conjunta no texto público recuperado da página auditada; não é ausência em todo o site. Teste grátis de 3 dias não é entrega de roadmap e protótipo.,2026-10-01
Operand,Brasil,Joinville; endereço institucional de contato,https://www.operand.com.br/contato,busca_publica_pagina_oficial,nao_observado,https://www.operand.com.br/agencias,Não observada promessa conjunta no texto público recuperado da página auditada; não é ausência em todo o site.,2026-10-01
Polaris IA,Brasil,Aparecida de Goiânia GO; rodapé,https://polarisia.com.br/whitelabel,pagina_oficial_aberta,nao_observado,https://polarisia.com.br/whitelabel,Não observada promessa conjunta no texto público recuperado da página auditada; não é ausência em todo o site.,2026-10-01
ReplyAgent,Estados Unidos,Estados Unidos; sede Wilmington Delaware na página Contato,https://www.replyagent.com/pt-br/contact-us/,busca_publica_pagina_oficial,nao_observado,https://www.replyagent.com/pt-br/white-label/,Não observada promessa conjunta no texto público recuperado da página auditada; não é ausência em todo o site.,2026-10-01
SiGA SW,Brasil,Interior do Rio Grande do Sul; notícia institucional,https://sistemaparapropaganda.com.br/blog/nossa-nova-marca-siga-sw-foi-divulgado-em-varios-portais/,busca_publica_pagina_oficial,nao_observado,https://sistemaparapropaganda.com.br/,Não observada promessa conjunta no texto público recuperado da página auditada; não é ausência em todo o site.,2026-10-01
Virtus CRM,Brasil,Jaboatão dos Guararapes Pernambuco Brasil; sede na política de privacidade,https://crmvirtus.com/privacidade,busca_publica_pagina_oficial,nao_observado,https://crmvirtus.com/crm-white-label-para-agencias,Não observada promessa conjunta no texto público recuperado da página auditada; não é ausência em todo o site.,2026-10-01
WiseData Agency,Brasil,Licenciante sediada no Brasil; termos de uso,https://www.wisedataagency.com/termos-de-uso,busca_publica_pagina_oficial,nao_observado,https://www.wisedataagency.com/gestao-para-agencias-de-marketing,Não observada promessa conjunta no texto público recuperado da página auditada; não é ausência em todo o site.,2026-10-01
Agência Ebenezer,Brasil,Londrina PR; rodapé,https://www.agenciaebenezer.com.br/,pagina_oficial_aberta,nao_observado,https://www.agenciaebenezer.com.br/,Não observada promessa conjunta no texto público recuperado da página auditada; não é ausência em todo o site.,2026-10-01
Akira Sistemas,Brasil,Rio de Janeiro RJ; endereço e registro empresarial,https://akiracloud.com/,pagina_oficial_aberta,nao_observado,https://akiracloud.com/,Não observada promessa conjunta no texto público recuperado da página auditada; não é ausência em todo o site.,2026-10-01
Aurabit,nao_informado,"Não localizada declaração inequívoca de país/sede no material auditado; idioma, domínio, moeda e país atendido não usados como prova.",https://aurabit.com.br/,pagina_oficial_aberta,nao_observado,https://aurabit.com.br/,Não observada promessa conjunta no texto público recuperado da página auditada; não é ausência em todo o site.,2026-10-01
Bricsoft,Brasil,Baseados em São José do Rio Preto SP; página institucional,https://bricsoft.com.br/,pagina_oficial_aberta,nao_observado,https://bricsoft.com.br/,Não observada promessa conjunta no texto público recuperado da página auditada; não é ausência em todo o site.,2026-10-01
Cappei,Brasil,São Paulo e São Carlos BR; página oficial recuperada parcialmente pela busca,https://cappei.com/,busca_publica_pagina_oficial,nao_verificado,https://cappei.com/,Leitura direta falhou; busca oficial recuperou diagnóstico e protótipo antes do código. Insuficiente para concluir sobre a promessa conjunta na página inteira.,2026-10-01
CCypher,Brasil,Pato Branco PR; FAQ localização,https://ccypher.com.br/,pagina_oficial_aberta,nao_observado,https://ccypher.com.br/,Não observada promessa conjunta no texto público recuperado da página auditada; não é ausência em todo o site.,2026-10-01
Codar Labs,Brasil,Software house brasileira; apresentação,https://codarlabs.com/,pagina_oficial_aberta,nao_observado,https://codarlabs.com/,Não observada promessa conjunta no texto público recuperado da página auditada; não é ausência em todo o site.,2026-10-01
CodeIA,Brasil,FAQ pergunta se empresa brasileira e responde Sim,https://codeia.com.br/sobre,pagina_oficial_aberta,nao_observado,https://codeia.com.br/desenvolvimento-de-software,Não observada promessa conjunta no texto público recuperado da página auditada; não é ausência em todo o site.,2026-10-01
CRATON Software,Brasil,Tambaú SP; apresentação institucional,https://www.craton.com.br/,pagina_oficial_aberta,nao_observado,https://www.craton.com.br/,Não observada promessa conjunta no texto público recuperado da página auditada; não é ausência em todo o site.,2026-10-01
EasyData360,Brasil,Guararapes SP; sede na página Sobre,https://www.easydata360.com.br/sobre,pagina_oficial_aberta,nao_observado,https://www.easydata360.com.br/sobre,Não observada promessa conjunta no texto público recuperado da página auditada; não é ausência em todo o site.,2026-10-01
FratrIA Softwares,Brasil,Registro empresarial brasileiro CNPJ no rodapé,https://fratriasw.com.br/,pagina_oficial_aberta,nao_observado,https://fratriasw.com.br/,Não observada promessa conjunta no texto público recuperado da página auditada; não é ausência em todo o site.,2026-10-01
Galáxia Digital,nao_informado,"Não localizada declaração inequívoca de país/sede no material auditado; idioma, domínio, moeda e país atendido não usados como prova.",https://galaxiadigital.com.br/,pagina_oficial_aberta,nao_observado,https://galaxiadigital.com.br/,Não observada promessa conjunta no texto público recuperado da página auditada; não é ausência em todo o site.,2026-10-01
GVD Soluções,nao_informado,"Não localizada declaração inequívoca de país/sede no material auditado; idioma, domínio, moeda e país atendido não usados como prova.",https://www.gvdsolucoes.com.br/desenvolvimento-de-software-sob-medida.php,pagina_oficial_aberta,nao_observado,https://www.gvdsolucoes.com.br/desenvolvimento-de-software-sob-medida.php,Não observada promessa conjunta no texto público recuperado da página auditada; não é ausência em todo o site.,2026-10-01
Kennedev,Brasil,São Paulo SP; FAQ localização,https://kennedev.com.br/index.html,pagina_oficial_aberta,nao_observado,https://kennedev.com.br/index.html,Não observada promessa conjunta no texto público recuperado da página auditada; não é ausência em todo o site.,2026-10-01
Kodesto,Brasil,Belo Horizonte MG; cabeçalho e rodapé,https://kodesto.com/,pagina_oficial_aberta,nao_observado,https://kodesto.com/,Não observada promessa conjunta no texto público recuperado da página auditada; não é ausência em todo o site.,2026-10-01
Moovion,Brasil,Brasília DF; contato institucional,https://www.moovion.com.br/,pagina_oficial_aberta,nao_observado,https://www.moovion.com.br/,Não observada promessa conjunta no texto público recuperado da página auditada; não é ausência em todo o site.,2026-10-01
nFactory,Brasil,João Pessoa PB; sede na página Sobre,https://nfactory.com.br/sobre,busca_publica_pagina_oficial,nao_observado,https://nfactory.com.br/,Não observada promessa conjunta no texto público recuperado da página auditada; não é ausência em todo o site.,2026-10-01
Ramal42,Brasil,Localização Brasil; página institucional,https://ramal42.com.br/,pagina_oficial_aberta,nao_observado,https://ramal42.com.br/,Não observada promessa conjunta no texto público recuperado da página auditada; não é ausência em todo o site.,2026-10-01
RITO Sistemas,Brasil,Novo Hamburgo RS; endereço institucional,https://ritosistemas.com/,pagina_oficial_aberta,nao_observado,https://ritosistemas.com/,Não observada promessa conjunta no texto público recuperado da página auditada; não é ausência em todo o site.,2026-10-01
SalomaoTech,Brasil,Santo André ABC; rodapé,https://www.salomaotech.com.br/,pagina_oficial_aberta,nao_observado,https://www.salomaotech.com.br/,Não observada promessa conjunta no texto público recuperado da página auditada; não é ausência em todo o site.,2026-10-01
Studio Atlas,Brasil,São Paulo BR; rodapé,https://studioatlas.com.br/,pagina_oficial_aberta,nao_observado,https://studioatlas.com.br/,Não observada promessa conjunta no texto público recuperado da página auditada; não é ausência em todo o site.,2026-10-01
Suavia Studio,Brasil,Brasil; rodapé institucional,https://suavia.studio/,pagina_oficial_aberta,nao_observado,https://suavia.studio/,Não observada promessa conjunta no texto público recuperado da página auditada; não é ausência em todo o site.,2026-10-01
Vision Developer,nao_informado,"Não localizada declaração inequívoca de país/sede no material auditado; idioma, domínio, moeda e país atendido não usados como prova.",https://visiondeveloper.com.br/,pagina_oficial_aberta,nao_observado,https://visiondeveloper.com.br/,Não observada promessa conjunta no texto público recuperado da página auditada; não é ausência em todo o site.,2026-10-01
