"nome","site","cidade_uf","tipo","oferta_principal","white_label_para_agencias","publico_declarado","preco_publico","cta_principal","etapas_do_fluxo","anuncia_meta","anuncia_google","linkedin_empresa","temas_de_conteudo","diferencial_declarado","fontes","coletado_em"
"Abstract Devs","https://abstractdevs.com.br/br/servicos/white-label","São Paulo/SP","fabrica_white_label","Engenharia de software para agências","sim","Agências, consultorias e estúdios sem time técnico","nao_informado","orcamento","Dados e faixa de investimento; escopo inicial; acordo de parceria","nao_verificado","nao_verificado","nao_informado","nao_informado","NDA, protótipos e decisões documentadas","https://abstractdevs.com.br/br/servicos/white-label","2026-10-01"
"Bioma","https://www.biomadigital.com/partners.html","nao_informado","fabrica_white_label","Web, e-commerce, UX/UI e front-end","sim","Agências de marketing e software factories","nao_informado","agendar_call","Call; entendimento da operação; modelo por projeto ou capacidade mensal","nao_verificado","nao_verificado","nao_informado","nao_informado","Estúdio uruguaio com white-label e entrega por etapas","https://www.biomadigital.com/partners.html","2026-10-01"
"Codech","https://codech.com.br/parcerias/","nao_informado","fabrica_white_label","Sites, landing pages e sistemas","sim","Agências, gestores de tráfego e consultores","nao_informado","whatsapp","WhatsApp; envio do escopo; orçamento em até 24h","nao_verificado","nao_verificado","nao_informado","nao_informado","Sem contato direto com cliente final","https://codech.com.br/parcerias/","2026-10-01"
"Frelo","https://frelo.co/pt","São Paulo/SP","fabrica_white_label","Design e desenvolvimento WordPress e PHP","sim","Agências de marketing, comunicação e design","Sob consulta por projeto ou retainer","formulario","Briefing; call de descoberta; orçamento fechado","nao_verificado","nao_verificado","nao_informado","nao_informado","Entrega assíncrona com escopo e prazo fixos","https://frelo.co/pt","2026-10-01"
"GritoWeb","https://gritoweb.com.br/white-label","nao_informado","fabrica_white_label","Sites, sistemas e integrações","sim","Agências de marketing, branding e consultores","nao_informado","formulario","Formulário; briefing; orçamento por projeto","nao_verificado","nao_verificado","nao_informado","nao_informado","Contrato somente com agência; crédito do parceiro","https://gritoweb.com.br/white-label","2026-10-01"
"Hit Digital","https://hitdigital.com.br/white-label/","Caxias do Sul/RS","fabrica_white_label","Desenvolvimento web, mobile e software para parceiros","sim","Agências, produtoras, consultorias e software houses","nao_informado","outro","Conversar sobre parceria; proposta conforme escopo","nao_verificado","nao_verificado","nao_informado","nao_informado","Squads, especialistas e sustentação com confidencialidade","https://hitdigital.com.br/white-label/","2026-10-01"
"Nione","https://www.nione.com.br/para-agencias","nao_informado","fabrica_white_label","Implantação CRM, automação, IA e software sob medida","sim","Agências","nao_informado","agendar_call","Conversa de parceria; proposta: nao_informado","nao_verificado","nao_verificado","nao_informado","nao_informado","Implantação com a marca da agência e material de vendas","https://www.nione.com.br/para-agencias","2026-10-01"
"Otto.dev","https://letsotto.dev/parceria-agencias","Sorocaba/SP","fabrica_white_label","IA, automação, integrações e sistemas sob medida","sim","Agências","Sob consulta por projeto e manutenção mensal","outro","Conversa com demanda real; avaliação do escopo; valor de parceiro","nao_verificado","nao_verificado","nao_informado","nao_informado","NDA e propriedade do entregável para agência ou cliente","https://letsotto.dev/parceria-agencias","2026-10-01"
"Sistelia","https://sistelia.com.br/","Rio de Janeiro/RJ","fabrica_white_label","SaaS, WordPress e sistemas sob medida","sim","Agências digitais","WordPress customizado a partir de R$ 2.500","formulario","Formulário; retorno em até 1 dia útil; escopo, tecnologia e investimento alinhados antes do início","nao_verificado","nao_verificado","nao_informado","nao_informado","NDA e entrega sem contato com cliente final","https://sistelia.com.br/ | https://sistelia.com.br/parcerias","2026-10-01"
"UP! Desenvolvedora de Negócios","https://www.letsup.team/parcerias","Volta Redonda/RJ e São José dos Campos/SP","fabrica_white_label","Tecnologia sob medida para parceiros","sim","Agências, contabilidades e consultorias","nao_informado","formulario","Formulário; conversa; escolha de modelo; proposta: nao_informado","nao_verificado","nao_verificado","nao_informado","nao_informado","White-label, indicação ou joint venture","https://www.letsup.team/parcerias","2026-10-01"
"Velosite","https://velosite.com.br/parcerias/","nao_informado","fabrica_white_label","Sites e lojas em white-label","sim","Agências","nao_informado","outro","Contato de parceria; proposta: nao_informado","nao_verificado","nao_verificado","nao_informado","nao_informado","White-label para sites; indicação para sistemas e automação","https://velosite.com.br/parcerias/","2026-10-01"
"Web4Business","https://www.web4business.com.br/servicos-para-agencias/","nao_informado","fabrica_white_label","Sites, sistemas, aplicativos e hospedagem","sim","Agências","nao_informado","orcamento","Solicitar orçamento; alinhamento da parceria; briefing; validação de prazo","nao_verificado","nao_verificado","nao_informado","nao_informado","Sigilo e suporte com SLA","https://www.web4business.com.br/servicos-para-agencias/","2026-10-01"
"Aihoo!","https://aihoo.app/white-label","nao_informado","saas_para_agencias","Plataforma GEO, SEO e monitoramento em IA","sim","Agências de SEO, conteúdo e performance","White-label a partir de R$ 9.980/mês","outro","Falar com time; proposta: nao_informado; após contrato onboarding em cerca de 2 semanas","nao_verificado","nao_verificado","nao_informado","nao_informado","Ambiente, relatórios e e-mails sob marca da agência","https://aihoo.app/white-label","2026-10-01"
"AutoAgencia","https://autoagencia.io/parceiros","nao_informado","saas_para_agencias","Operação de anúncios, conteúdo e atendimento por IA","nao_informado","Agências, gestores de tráfego, consultores","nao_informado","outro","Criar conta; certificação Academy; ativar clientes; níveis por volume","nao_verificado","nao_verificado","nao_informado","nao_informado","Desconto de parceiro conforme clientes ativos","https://autoagencia.io/parceiros","2026-10-01"
"Chatbotfy","https://chatbotify.com.br/para-agencias","São Paulo/SP","saas_para_agencias","WhatsApp, CRM e agentes de IA","sim","Agências e operações SaaS","CRM R$ 49,99/mês por conta; agente IA R$ 49,99/mês","whatsapp","WhatsApp; etapas até proposta: nao_informado","nao_verificado","nao_verificado","nao_informado","nao_informado","Multi-tenant e domínio próprio","https://chatbotify.com.br/para-agencias","2026-10-01"
"Cubo Suite","https://www.cubosuite.com.br/para/agencias-de-marketing","nao_informado","saas_para_agencias","CRM, automação, IA e landing pages","sim","Agências de marketing","nao_informado","agendar_call","Agendar demonstração; etapas até proposta: nao_informado","nao_verificado","nao_verificado","nao_informado","nao_informado","Marca, domínio e preço da agência; setup em horas","https://www.cubosuite.com.br/para/agencias-de-marketing","2026-10-01"
"Datalitics","https://datalitics.com.br/white-label","nao_informado","saas_para_agencias","CRM e rastreamento de campanhas","sim","Agências","nao_informado","outro","Comece agora; demonstração opcional; proposta: nao_informado","nao_verificado","nao_verificado","nao_informado","nao_informado","Login com logo da agência e gestão de permissões","https://datalitics.com.br/white-label","2026-10-01"
"DreamDesk","https://dreamdesk.app/para-agencias","nao_informado","saas_para_agencias","Jobs, horas e atendimento","sim","Agências e operações de serviço","nao_informado","outro","Começar gratuitamente; proposta: nao_informado","nao_verificado","nao_verificado","nao_informado","nao_informado","Identidade própria a partir do plano Padrão","https://dreamdesk.app/para-agencias","2026-10-01"
"iGeriu","https://www.igeriu.com.br/whitelabel-para-agencias","nao_informado","saas_para_agencias","Sistema financeiro para clientes da agência","sim","Agências","Simulador declara custo R$ 29,90/licença; condições: nao_informado","formulario","Solicitação por formulário; equipe explica programa; proposta: nao_informado","nao_verificado","nao_verificado","nao_informado","nao_informado","Marca própria e controle de acesso dos clientes","https://www.igeriu.com.br/whitelabel-para-agencias","2026-10-01"
"Japa Gestão","https://japagestao.com.br/white-label/","nao_informado","saas_para_agencias","Gestão de estoque e CMV para food service","sim","Agências de marketing de food service e consultorias","R$ 997/mês até 20 contas; adicional R$ 35/conta","formulario","Formulário; demonstração ao vivo; proposta; contrato","nao_verificado","nao_verificado","nao_informado","nao_informado","Marca própria no painel, e-mails e bot","https://japagestao.com.br/white-label/","2026-10-01"
"Nexio System","https://www.nexiosystem.com/","nao_informado","saas_para_agencias","Gestão de clientes, financeiro, campanhas e equipe","nao_informado","Agências de marketing","nao_informado","whatsapp","Teste grátis via WhatsApp; 3 dias; proposta: nao_informado","nao_verificado","nao_verificado","nao_informado","nao_informado","IA estratégica integrada à gestão","https://www.nexiosystem.com/","2026-10-01"
"Operand","https://www.operand.com.br/agencias","nao_informado","saas_para_agencias","Gestão de projetos, tarefas e finanças","nao_informado","Agências de marketing e publicidade","nao_informado","outro","Cadastro; teste grátis 7 dias; proposta: nao_informado","nao_verificado","nao_verificado","nao_informado","nao_informado","Cliente aprova peças dentro da plataforma","https://www.operand.com.br/agencias","2026-10-01"
"Polaris IA","https://polarisia.com.br/whitelabel","Aparecida de Goiânia/GO","saas_para_agencias","Orquestração de agentes IA","sim","Agências, consultorias e ISVs","Sob consulta conforme volume","outro","Falar com vendas; descrever caso; proposta: nao_informado","nao_verificado","nao_verificado","nao_informado","nao_informado","Self-hosted opcional e multi-tenant","https://polarisia.com.br/whitelabel","2026-10-01"
"ReplyAgent","https://www.replyagent.com/pt-br/white-label/","nao_informado","saas_para_agencias","Comunicação multicanal e IA","sim","Agências de marketing e consultores","Conta de agência gratuita; consumo: nao_informado","outro","Criar conta gratuita; configuração da marca; workspaces; cobrança própria","nao_verificado","nao_verificado","nao_informado","nao_informado","Marca da agência e do cliente em duas camadas","https://www.replyagent.com/pt-br/white-label/","2026-10-01"
"SiGA SW","https://sistemaparapropaganda.com.br/","nao_informado","saas_para_agencias","Gestão integrada de jobs, mídia e financeiro","nao_informado","Agências de publicidade e marketing","nao_informado","formulario","Formulário de teste; 15 dias gratuitos; proposta: nao_informado","nao_verificado","nao_verificado","nao_informado","IA na gestão; tarefas criativas; mídia tradicional e redes","Sem taxa de implantação e treinamento","https://sistemaparapropaganda.com.br/","2026-10-01"
"Virtus CRM","https://crmvirtus.com/crm-white-label-para-agencias","nao_informado","saas_para_agencias","CRM com WhatsApp e rastreamento de anúncios","sim","Agências de marketing e tráfego","Domínio próprio adicional R$ 100/mês; licença: nao_informado","agendar_call","Demo de 30 minutos; implantação combinada em conversa; proposta: nao_informado","nao_verificado","nao_verificado","nao_informado","nao_informado","Agência define preço e retém relacionamento","https://crmvirtus.com/crm-white-label-para-agencias","2026-10-01"
"WiseData Agency","https://www.wisedataagency.com/gestao-para-agencias-de-marketing","nao_informado","saas_para_agencias","Gestão de projetos, finanças e clientes","nao_informado","Agências de marketing","Free R$ 0/mês; Básico R$ 139,80/mês; Enterprise R$ 459,80/mês","outro","Cadastro gratuito; teste 30 dias; proposta: nao_informado","nao_verificado","nao_verificado","nao_informado","nao_informado","Portal do cliente e funcionalidades integradas","https://www.wisedataagency.com/gestao-para-agencias-de-marketing","2026-10-01"
"Agência Ebenezer","https://www.agenciaebenezer.com.br/","Londrina/PR","software_house","Soluções digitais personalizadas","nao_informado","PMEs","nao_informado","orcamento","Solicitar orçamento via WhatsApp; etapas seguintes: nao_informado","nao_verificado","nao_verificado","nao_informado","nao_informado","Sistemas desenhados para o fluxo da operação","https://www.agenciaebenezer.com.br/","2026-10-01"
"Akira Sistemas","https://akiracloud.com/","Rio de Janeiro/RJ","software_house","Sites, sistemas sob medida e infraestrutura","nao_informado","PMEs brasileiras","nao_informado","outro","Falar com equipe; orçamento: nao_informado","nao_verificado","nao_verificado","nao_informado","nao_informado","Segurança, continuidade e software próprio","https://akiracloud.com/","2026-10-01"
"Aurabit","https://aurabit.com.br/","nao_informado","software_house","Sistemas customizados, aplicativos e agentes IA","nao_informado","Pequenas e médias empresas","Landing page com domínio e hospedagem R$ 447/ano","diagnostico","Consultoria gratuita via WhatsApp; proposta: nao_informado","nao_verificado","nao_verificado","nao_informado","nao_informado","Estratégia de negócio e execução técnica","https://aurabit.com.br/","2026-10-01"
"Bricsoft","https://bricsoft.com.br/","São José do Rio Preto/SP","software_house","ERP, sistemas, agentes IA e dashboards","nao_informado","Pequenas e médias empresas","nao_informado","orcamento","Solicitar orçamento; diagnóstico técnico gratuito; plano por etapas","nao_verificado","nao_verificado","nao_informado","nao_informado","Ciclos curtos com validação de cada etapa","https://bricsoft.com.br/","2026-10-01"
"Cappei","https://cappei.com/","São Paulo e São Carlos/SP","software_house","Sistemas internos sob medida e IA","nao_informado","Pequenas e médias empresas","Diagnóstico gratuito; projeto: nao_informado","diagnostico","WhatsApp; entrevista gratuita; mapa da operação; escopo e orçamento","nao_verificado","nao_verificado","nao_informado","nao_informado","Protótipo navegável antes do código; código pertence ao cliente","https://cappei.com/","2026-10-01"
"CCypher","https://ccypher.com.br/","Pato Branco/PR","software_house","Sites, sistemas e automações com IA","nao_informado","PMEs brasileiras","Landing page a partir de R$ 1.100; site R$ 2.500–4.500","whatsapp","WhatsApp; escopo; orçamento fechado","nao_verificado","nao_verificado","nao_informado","nao_informado","Time técnico direto e homologação durante desenvolvimento","https://ccypher.com.br/","2026-10-01"
"Codar Labs","https://codarlabs.com/","nao_informado","software_house","Sistemas web personalizados e automação","nao_informado","PMEs brasileiras","nao_informado","orcamento","Formulário de orçamento; diagnóstico; proposta com escopo, prazo e investimento","nao_verificado","nao_verificado","nao_informado","nao_informado","Atendimento direto e código documentado","https://codarlabs.com/","2026-10-01"
"CodeIA","https://codeia.com.br/desenvolvimento-de-software","nao_informado","software_house","Software sob medida com apoio de IA","nao_informado","Fundadores não técnicos e PMEs","Projetos a partir de R$ 3.000","outro","Falar com equipe; etapas até proposta: nao_informado","nao_verificado","nao_verificado","nao_informado","nao_informado","Projetos iniciais podem ser entregues em até 15 dias úteis","https://codeia.com.br/desenvolvimento-de-software","2026-10-01"
"CRATON Software","https://www.craton.com.br/","Tambaú/SP","software_house","Sistemas, ERPs e sites sob medida","sim","Pequenos negócios e agências de marketing","nao_informado","outro","Contato; etapas até proposta: nao_informado","nao_verificado","nao_verificado","https://www.linkedin.com/company/cratonsoftware","LinkedIn público: SEO técnico para advocacia; evolução de ERP para pequeno negócio","Execução técnica sem aparecer ao cliente da agência","https://www.craton.com.br/ | https://www.linkedin.com/company/cratonsoftware","2026-10-01"
"EasyData360","https://www.easydata360.com.br/sobre","Guararapes/SP","software_house","Sistemas sob medida, automações, dashboards e IA","nao_informado","PMEs brasileiras","nao_informado","diagnostico","Diagnóstico; proposta: nao_informado","nao_verificado","nao_verificado","nao_informado","nao_informado","Descoberta, protótipo e evolução guiada por dados","https://www.easydata360.com.br/sobre","2026-10-01"
"FratrIA Softwares","https://fratriasw.com.br/","nao_informado","software_house","Sistemas, apps, automação e IA","nao_informado","Pequenas e médias empresas","nao_informado","whatsapp","WhatsApp; diagnóstico; proposta sob medida","nao_verificado","nao_verificado","nao_informado","nao_informado","Entregas incrementais e código documentado","https://fratriasw.com.br/","2026-10-01"
"Galáxia Digital","https://galaxiadigital.com.br/","Arroio do Sal/RS","software_house","Software sob medida e sites","nao_informado","Pequenas e médias empresas","nao_informado","whatsapp","WhatsApp; etapas até proposta: nao_informado","nao_verificado","nao_verificado","nao_informado","nao_informado","Soluções específicas e hospedagem própria","https://galaxiadigital.com.br/","2026-10-01"
"GVD Soluções","https://www.gvdsolucoes.com.br/desenvolvimento-de-software-sob-medida.php","Ribeirão Preto/SP","software_house","Software personalizado para operações complexas","nao_informado","Indústria, agro, energia e PMEs","nao_informado","diagnostico","Diagnóstico técnico; cenário e criticidade; proposta","nao_verificado","nao_verificado","https://www.linkedin.com/company/gvdsolucoes/","LinkedIn público: custo de infraestrutura de IA; redesenho de processos","Engenharia para cálculo crítico e continuidade","https://www.gvdsolucoes.com.br/desenvolvimento-de-software-sob-medida.php | https://www.linkedin.com/company/gvdsolucoes/","2026-10-01"
"Kennedev","https://kennedev.com.br/index.html","São Paulo/SP","software_house","Sites, software e plataformas SaaS","nao_informado","Pequenas e médias empresas","Sob consulta por escopo","orcamento","WhatsApp com necessidade; orçamento com escopo e prazo","nao_verificado","nao_verificado","nao_informado","nao_informado","Código do cliente e hospedagem comum","https://kennedev.com.br/index.html","2026-10-01"
"Kodesto","https://kodesto.com/","Belo Horizonte/MG","software_house","Apps mobile, sistemas web e produtos digitais","nao_informado","Empresas de todo o Brasil","nao_informado","formulario","Formulário com projeto, prazo e faixa de investimento; retorno até 24h; proposta: nao_informado","nao_verificado","nao_verificado","nao_informado","Blog: MVP, sistemas sob medida e apps para PMEs","Do planejamento ao suporte","https://kodesto.com/","2026-10-01"
"Moovion","https://www.moovion.com.br/","Brasília/DF","software_house","Sistemas, aplicativos e automações sob medida","nao_informado","Pequenas e médias empresas","nao_informado","orcamento","Diagnóstico; reuniões e requisitos; protótipos; orçamento fechado","nao_verificado","nao_verificado","nao_informado","nao_informado","Código documentado e evolução contínua","https://www.moovion.com.br/","2026-10-01"
"nFactory","https://nfactory.com.br/","nao_informado","software_house","Software, agentes IA, chatbots e automação","nao_informado","PMEs brasileiras","Chatbot simples a partir de R$ 1.500; automação a partir de R$ 2.000","whatsapp","Conversa de 30 minutos; proposta em 48h com escopo, prazo e valor","nao_verificado","nao_verificado","nao_informado","nao_informado","Código do cliente e entregas semanais","https://nfactory.com.br/","2026-10-01"
"Ramal42","https://ramal42.com.br/","nao_informado","software_house","Sistemas web e aplicativos personalizados","nao_informado","Pequenas e médias empresas","nao_informado","orcamento","Formulário de projeto e investimento; proposta: nao_informado","nao_verificado","nao_verificado","nao_informado","nao_informado","Entregas iterativas e suporte contínuo","https://ramal42.com.br/","2026-10-01"
"RITO Sistemas","https://ritosistemas.com/","Novo Hamburgo/RS","software_house","Ferramentas e automações sob medida","nao_informado","MEI, microempresas e pequenas empresas","nao_informado","diagnostico","Análise inicial; entendimento da necessidade; avaliação; proposta","nao_verificado","nao_verificado","nao_informado","nao_informado","Estrutura enxuta focada em negócios menores","https://ritosistemas.com/","2026-10-01"
"SalomaoTech","https://www.salomaotech.com.br/","Santo André/SP","software_house","Sistemas de gestão e desenvolvimento sob medida","nao_informado","Pequenos e médios negócios","Sistema a partir de R$ 79/mês; sob medida: nao_informado","whatsapp","WhatsApp; conversa de 15 minutos; avaliação do sistema; proposta sob medida: nao_informado","nao_verificado","nao_verificado","nao_informado","nao_informado","Implantação incluída e contato com quem desenvolve","https://www.salomaotech.com.br/","2026-10-01"
"Studio Atlas","https://studioatlas.com.br/","São Paulo/SP","software_house","Sistemas internos, integrações e websites","nao_informado","Pequenas e médias empresas","nao_informado","outro","E-mail; proposta inicial gratuita em até 24h úteis","nao_verificado","nao_verificado","nao_informado","nao_informado","Escopo, prazo e orçamento por escrito","https://studioatlas.com.br/","2026-10-01"
"Suavia Studio","https://suavia.studio/","nao_informado","software_house","Sistemas sob medida e integrações","nao_informado","PMEs","Sistemas R$ 8 mil–30 mil; integrações R$ 3 mil–15 mil","formulario","Formulário; conversa sobre processo; proposta com escopo, prazo e preço","nao_verificado","nao_verificado","nao_informado","nao_informado","Atendimento direto e proposta de preço fechado","https://suavia.studio/","2026-10-01"
"Vision Developer","https://visiondeveloper.com.br/","nao_informado","software_house","Software sob demanda e alocação de desenvolvedores","sim","Empresas sem TI e agências","nao_informado","outro","Fale conosco; proposta: nao_informado","nao_verificado","nao_verificado","nao_informado","nao_informado","Código do cliente e desenvolvedores próprios","https://visiondeveloper.com.br/","2026-10-01"
